TermID, Name, Frequency, PlotX, PlotY, LogSize, Value, Uniqueness, Dispensability, Representative, Eliminated
"GO:0001503", "ossification", 0.0446574844060245, -1.69940424190658, -5.81909604078618, 4.03390603702669, NaN, 0.796254201317253, 0, null, False
"GO:0006959", "humoral immune response", 0.0435297910156957, 4.61385110893717, 5.45572443313309, 4.02279940451169, NaN, 0.936700082752449, 0, null, False
"GO:0007610", "behavior", 0.119510714904736, 3.3502914921273, -7.52949725451724, 4.46139346703536, NaN, 1, 0, null, False
"GO:0008152", "metabolic process", 62.7747296551307, 1.62343538354873, -7.97942261996409, 7.18175649173952, NaN, 1, 0, null, False
"GO:0009057", "macromolecule catabolic process", 2.28613604658291, -1.0250685633244, 6.7847511488984, 5.74307446824394, NaN, 0.934407309972588, 0, null, False
"GO:0010975", "regulation of neuron projection development", 0.0636382577707162, 7.24262926164804, -1.24527909374905, 4.1877180825676, NaN, 0.872874665025706, 0, null, False
"GO:0022402", "cell cycle process", 0.868034758401811, 3.6665966613734, -6.69918917060689, 5.32251079460776, NaN, 0.993475903166922, 0, null, False
"GO:0022610", "biological adhesion", 0.574995575972084, 1.59011594347667, -7.1092465861065, 5.14363923527454, NaN, 1, 0, null, False
"GO:0023052", "signaling", 7.44411886830144, 2.64930915099742, -6.62640584861797, 6.2557851524542, NaN, 1, 0, null, False
"GO:0032501", "multicellular organismal process", 2.32918667117634, 1.87856834937807, -5.91409949494212, 5.75117667849104, NaN, 1, 0, null, False
"GO:0032502", "developmental process", 2.00765774034699, -0.894224937372555, -1.13975179947255, 5.68666218318046, NaN, 1, 0, null, False
"GO:0040011", "locomotion", 0.960166895317173, -4.35049520920278, 0.178707572788593, 5.36632020874339, NaN, 1, 0, null, False
"GO:0050896", "response to stimulus", 13.3850885392149, -2.28300446731301, -0.386890936040674, 6.5105929944151, NaN, 1, 0, null, False
"GO:0061061", "muscle structure development", 0.107878536929769, -4.08743373117024, -4.82326231375142, 4.41692328905509, NaN, 0.748455259659703, 0, null, False
"GO:0065007", "biological regulation", 23.1758919145954, -3.39479354850031, -0.501934939792542, 6.74900814628758, NaN, 1, 0, null, False
"GO:0110148", "biomineralization", 0.0166510331736828, -1.29986933141237, 0.157320719267075, 3.60552052343747, NaN, 1, 0, null, False
"GO:0030198", "extracellular matrix organization", 0.0589787773886983, -6.47756879440039, -1.72219945179314, 4.15469779359639, NaN, 0.950720411772273, 0.0085328, null, False
"GO:0048251", "elastic fiber assembly", 0.00321371962518611, null, null, 2.89153745767256, NaN, 0.957459959430808, 0.83262256, 30198, True
"GO:0085029", "extracellular matrix assembly", 0.00748904072038871, null, null, 3.25863728272408, NaN, 0.955450522065461, 0.87421682, 30198, True
"GO:0030199", "collagen fibril organization", 0.00945940609469948, null, null, 3.3600250891894, NaN, 0.955683931255766, 0.88644254, 30198, True
"GO:0007267", "cell-cell signaling", 0.344029098950675, 0.253112301426486, 1.24649782646468, 4.9205720046032, NaN, 0.982697909593725, 0.0099771, null, False
"GO:0007155", "cell adhesion", 0.56162022359888, 0.855090100034772, -8.02992501846469, 5.13341754442658, NaN, 0.973935365200744, 0.01046959, null, False
"GO:0007160", "cell-matrix adhesion", 0.0402417179801582, null, null, 3.98869270254982, NaN, 0.977709254637359, 0.78905445, 7155, True
"GO:0031589", "cell-substrate adhesion", 0.0560748636399762, null, null, 4.13277182930962, NaN, 0.97726650258623, 0.80971977, 7155, True
"GO:0098609", "cell-cell adhesion", 0.22244888079116, null, null, 4.73120990163874, NaN, 0.975293425292679, 0.90854787, 7155, True
"GO:0048870", "cell motility", 0.57065003221155, -7.08307459315554, 1.45120131707548, 5.1403446019181, NaN, 0.970460148526212, 0.01048643, null, False
"GO:0006935", "chemotaxis", 0.546766064508688, null, null, 5.12177644500816, NaN, 0.880868628507755, 0.88697579, 48870, True
"GO:0042330", "taxis", 0.550925724743344, null, null, 5.12506792000159, NaN, 0.908175157480542, 0.88762419, 48870, True
"GO:0016477", "cell migration", 0.204145549609669, null, null, 4.69392031636733, NaN, 0.972532865578781, 0.90424689, 48870, True
"GO:0006928", "movement of cell or subcellular component", 0.96156308713377, 4.3153566946121, -7.08794098296718, 5.36695126087573, NaN, 0.99339762846868, 0.01106908, null, False
"GO:0007049", "cell cycle", 1.75270402699723, 4.94138488906875, -6.70788784907359, 5.62768122013122, NaN, 0.99289546286622, 0.0119643, null, False
"GO:0007154", "cell communication", 7.96546432796, 2.49426340399444, -7.75120051749094, 6.28518293436495, NaN, 0.991174420766101, 0.01581219, null, False
"GO:0006807", "nitrogen compound metabolic process", 45.7892176649824, -5.80571330506283, 2.94900175731312, 7.04473487469969, NaN, 0.967897160224137, 0.07603032, null, False
"GO:0046483", "heterocycle metabolic process", 21.9091039472243, -3.70095517081317, 2.98954293041121, 6.7245963098478, NaN, 0.956587640175738, 0.1507595, null, False
"GO:2000027", "regulation of animal organ morphogenesis", 0.0207652552131241, 3.56245658615647, -0.596228588035166, 3.70139526901392, NaN, 0.851038424622859, 0.15237225, null, False
"GO:1901360", "organic cyclic compound metabolic process", 22.6668849903101, -4.95126784392034, 2.72241027672322, 6.73936353230301, NaN, 0.965924071934626, 0.15302236, null, False
"GO:0042391", "regulation of membrane potential", 0.105590104188955, 3.79528544978907, -2.18403308185383, 4.40761182002593, NaN, 0.857602229008845, 0.15805348, null, False
"GO:0006397", "mRNA processing", 0.884925374786626, -1.15237025510284, 5.55502027897279, 5.33088028779443, NaN, 0.932572801903965, 0.16266961, null, False
"GO:0010810", "regulation of cell-substrate adhesion", 0.0353137391718715, 4.84472766520752, -3.23121592238098, 3.93196611472817, NaN, 0.867813293843939, 0.16769921, null, False
"GO:0010811", "positive regulation of cell-substrate adhesion", 0.0200465055797278, null, null, 3.68609977199592, NaN, 0.819947612427979, 0.80985269, 10810, True
"GO:0045785", "positive regulation of cell adhesion", 0.0672443981727567, null, null, 4.21165440055318, NaN, 0.805182394067302, 0.87411099, 10810, True
"GO:0050678", "regulation of epithelial cell proliferation", 0.0531502961661564, 7.21750213656884, 0.222031289525753, 4.10951105222993, NaN, 0.85635159822345, 0.17230098, null, False
"GO:0001936", "regulation of endothelial cell proliferation", 0.0217855492329454, null, null, 3.72222246396973, NaN, 0.863007661297463, 0.72707351, 50678, True
"GO:0008285", "negative regulation of cell population proliferation", 0.126297528971806, null, null, 4.48538066971094, NaN, 0.814243563122708, 0.81696703, 50678, True
"GO:0008284", "positive regulation of cell population proliferation", 0.142663540739142, null, null, 4.53829718516797, NaN, 0.786839339910695, 0.87795304, 50678, True
"GO:0050679", "positive regulation of epithelial cell proliferation", 0.0280105819773612, null, null, 3.83135778544207, NaN, 0.807532226794646, 0.90726999, 50678, True
"GO:0040008", "regulation of growth", 0.170996320828026, 6.77793196878171, -2.10642575063773, 4.61696886936597, NaN, 0.866966144677466, 0.17576864, null, False
"GO:0090287", "regulation of cellular response to growth factor stimulus", 0.0676987801249038, 5.8087644784657, 0.759397250918351, 4.2145789535705, NaN, 0.832274649955234, 0.176564, null, False
"GO:0044057", "regulation of system process", 0.0953458565405473, 5.68474849270321, -3.18081813215697, 4.36329225157108, NaN, 0.831006134511681, 0.18110099, null, False
"GO:0045765", "regulation of angiogenesis", 0.0574875784366518, null, null, 4.143576832159, NaN, 0.80851669432631, 0.72093238, 44057, True
"GO:1901342", "regulation of vasculature development", 0.0586524485321563, null, null, 4.15228834438306, NaN, 0.811426684257587, 0.79289938, 44057, True
"GO:2000026", "regulation of multicellular organismal development", 0.267449217033805, null, null, 4.81121965053508, NaN, 0.792103231017764, 0.80698703, 44057, True
"GO:0051241", "negative regulation of multicellular organismal process", 0.176254759237874, null, null, 4.63012264285931, NaN, 0.790464856507624, 0.84741337, 44057, True
"GO:0051240", "positive regulation of multicellular organismal process", 0.24479621134676, null, null, 4.77278363247086, NaN, 0.761011255329377, 0.87073442, 44057, True
"GO:0045766", "positive regulation of angiogenesis", 0.0250736222684829, null, null, 3.78326023287295, NaN, 0.77261295133631, 0.94422445, 44057, True
"GO:1904018", "positive regulation of vasculature development", 0.0250736222684829, null, null, 3.78326023287295, NaN, 0.772934782886743, 0.94422445, 44057, True
"GO:0030155", "regulation of cell adhesion", 0.126214914071416, 7.05595653328053, -0.569476471980783, 4.48509650135564, NaN, 0.866257183448558, 0.1849944, null, False
"GO:0050804", "modulation of chemical synaptic transmission", 0.0770673098291739, 6.57744418865908, 0.656886233300781, 4.27086508873978, NaN, 0.82338750068927, 0.18544869, null, False
"GO:0040012", "regulation of locomotion", 0.19433916093333, 5.01258764853671, -2.45559462213129, 4.67254116639398, NaN, 0.865622943691055, 0.19132414, null, False
"GO:0042127", "regulation of cell population proliferation", 0.295740689672493, 6.51492400514006, -0.391098997748305, 4.85488875936855, NaN, 0.856986670513407, 0.20540264, null, False
"GO:0043170", "macromolecule metabolic process", 34.6776746615309, -4.93094743768444, 4.43169762234155, 6.92402163165838, NaN, 0.961424128472289, 0.20675786, null, False
"GO:0006725", "cellular aromatic compound metabolic process", 21.9291876295092, -4.14379054241239, 3.52062520666373, 6.7249942373694, NaN, 0.956577609179598, 0.21077782, null, False
"GO:0051270", "regulation of cellular component movement", 0.189043545818306, 6.28971831332667, -2.45722047024922, 4.66054295625861, NaN, 0.821795799942475, 0.21226374, null, False
"GO:0034762", "regulation of transmembrane transport", 0.24161553768173, null, null, 4.76710389611172, NaN, 0.818489305606112, 0.7976885, 51270, True
"GO:0051239", "regulation of multicellular organismal process", 0.538103892202756, 6.48889159251187, -1.55446210655982, 5.1148410793295, NaN, 0.85386445904632, 0.2184476, null, False
"GO:0034641", "cellular nitrogen compound metabolic process", 26.5656597617684, -3.71968280761187, 4.15149067712839, 6.80829228577141, NaN, 0.946215563810208, 0.22506621, null, False
"GO:0043412", "macromolecule modification", 11.1607360458889, -2.3598190262248, 6.26879347778079, 6.43166460992451, NaN, 0.943431537927047, 0.23172101, null, False
"GO:0044238", "primary metabolic process", 50.2743806071766, -5.58658304783121, 3.2296416097836, 7.08531837646952, NaN, 0.966758970147515, 0.23601289, null, False
"GO:0006954", "inflammatory response", 0.0951269270545128, 3.15655821295755, 6.17082656188844, 4.36229393796423, NaN, 0.929704289403803, 0.23703177, null, False
"GO:0032879", "regulation of localization", 0.715639182396681, 5.87106769338314, -1.94475366021907, 5.23866822975439, NaN, 0.850188583702978, 0.23743902, null, False
"GO:0023051", "regulation of signaling", 0.961773755129766, 5.39496733032277, -1.8110721439474, 5.36704639923479, NaN, 0.846173993079889, 0.25182643, null, False
"GO:0051674", "localization of cell", 0.570893746167701, -6.96902302615125, 1.24465064994632, 5.14053004003083, NaN, 0.989975144985307, 0.25796807, null, False
"GO:0010646", "regulation of cell communication", 0.956878822281635, 6.25710265914742, -0.842720631675016, 5.36483042974781, NaN, 0.841834606564087, 0.25969823, null, False
"GO:0065009", "regulation of molecular function", 2.13832972829446, 4.94764907139468, -1.48328240668063, 5.71404712486194, NaN, 0.843586124396301, 0.26461872, null, False
"GO:0071704", "organic substance metabolic process", 55.4341066032933, -5.40574912558321, 3.6275685734403, 7.12774869713147, NaN, 0.965498972409923, 0.27132226, null, False
"GO:0048583", "regulation of response to stimulus", 1.19312026069297, 5.4112854906073, -0.377589436667467, 5.46065733632265, NaN, 0.843106135775198, 0.27151258, null, False
"GO:0050793", "regulation of developmental process", 1.26357011700087, 5.8176856760543, -0.606528275930131, 5.48557237829178, NaN, 0.842268571456219, 0.27426427, null, False
"GO:0044237", "cellular metabolic process", 51.6198386134444, -5.68748364132053, 3.60578410214193, 7.09678828926572, NaN, 0.959930738678473, 0.27704918, null, False
"GO:0071495", "cellular response to endogenous stimulus", 0.461172896959226, 4.22460703264912, 5.39435436427642, 5.04783927804755, NaN, 0.921886317257355, 0.28238143, null, False
"GO:0009725", "response to hormone", 0.410484524824704, null, null, 4.9972727713836, NaN, 0.885841802571118, 0.94429024, 71495, True
"GO:0044271", "cellular nitrogen compound biosynthetic process", 14.2418628866935, -2.25126511235636, 4.13015030817821, 6.53753853835457, NaN, 0.930229824919384, 0.29159682, null, False
"GO:0048518", "positive regulation of biological process", 2.11110811861583, 6.00534945468161, -1.27499789805465, 5.7084829377724, NaN, 0.834350911992488, 0.29328273, null, False
"GO:0065008", "regulation of biological quality", 2.85164743199017, 5.16980786379038, -1.20491040685125, 5.83906807099862, NaN, 0.83902303936737, 0.30347182, null, False
"GO:0048523", "negative regulation of cellular process", 2.11474317423301, 5.34011333532022, -0.725456737592556, 5.70923009226962, NaN, 0.790276777418134, 0.31286201, null, False
"GO:0010467", "gene expression", 11.6527490851639, -2.10080643568161, 6.2629217476369, 6.4504001610852, NaN, 0.94293255234266, 0.31863136, null, False
"GO:0048519", "negative regulation of biological process", 2.49053357163877, 5.65999345422362, -1.32899979236989, 5.78026473267685, NaN, 0.831626946824367, 0.31971214, null, False
"GO:0043062", "extracellular structure organization", 0.0606971673168184, -6.51570619201317, -0.899212552233446, 4.16716959040863, NaN, 0.964503614940162, 0.32207512, null, False
"GO:0009719", "response to endogenous stimulus", 0.571885124972386, 4.17847817834347, 5.71562440775209, 5.14128354948165, NaN, 0.925246306933322, 0.33042356, null, False
"GO:0034330", "cell junction organization", 0.101356090543948, -6.73442533412264, -1.71414831796738, 4.38983916212527, NaN, 0.963123939363861, 0.33426921, null, False
"GO:1901700", "response to oxygen-containing compound", 0.554783840591575, 3.57686248891823, 5.65745334747887, 5.12809864842559, NaN, 0.897796166898603, 0.33631873, null, False
"GO:0097435", "supramolecular fiber organization", 0.320921711311483, -6.72854519410947, -1.03674898908255, 4.89037630149425, NaN, 0.95960464718223, 0.37832255, null, False
"GO:0044260", "cellular macromolecule metabolic process", 25.6860630480569, -3.13449722473845, 5.08004764327613, 6.79366922616413, NaN, 0.922676143103576, 0.394324, null, False
"GO:0007167", "enzyme linked receptor protein signaling pathway", 0.227847764531672, 4.65215045640177, 2.40794948403442, 4.74162425750381, NaN, 0.790749933764232, 0.40902946, null, False
"GO:0042221", "response to chemical", 3.50413578452844, 3.89516103133381, 5.75318865210203, 5.92855305069709, NaN, 0.910029505873125, 0.40911502, null, False
"GO:0009611", "response to wounding", 0.102041794217188, 2.98663249576353, 6.04678495759206, 4.39276727865564, NaN, 0.929310663481634, 0.42077092, null, False
"GO:0044267", "cellular protein metabolic process", 15.2980696037145, -2.83761936908484, 5.31647634213025, 6.56860836192668, NaN, 0.911943379916675, 0.42748433, null, False
"GO:0050794", "regulation of cellular process", 20.0705506464864, 5.70085603136754, -1.04475806282797, 6.68653098923922, NaN, 0.787668686004265, 0.45549444, null, False
"GO:0050789", "regulation of biological process", 21.4980328566068, null, null, 6.71637041785363, NaN, 0.797758283025928, 0.71471073, 50794, True
"GO:0045229", "external encapsulating structure organization", 1.05060955751955, -6.43269759841151, -1.25374610916133, 5.40541466695186, NaN, 0.955248727701777, 0.46423656, null, False
"GO:0007166", "cell surface receptor signaling pathway", 0.936266404634233, 4.69798269321427, 2.15447248616271, 5.35537296836596, NaN, 0.763987750564528, 0.46491625, null, False
"GO:0006936", "muscle contraction", 0.0389157488288925, -1.83243613573854, -6.24327628464508, 3.97414309990221, NaN, 0.788889874909463, 0.47182529, null, False
"GO:0048566", "embryonic digestive tract development", 0.00650179266072357, -3.04071410508729, -5.21786044547659, 3.19728055812562, NaN, 0.723539378906332, 0.48297231, null, False
"GO:0016071", "mRNA metabolic process", 1.14667003294847, -1.2438442066601, 5.38064646534334, 5.44341163940542, NaN, 0.932264209922456, 0.50119261, null, False
"GO:0006952", "defense response", 0.925786704519712, 3.43527630815285, 6.00064569910784, 5.35048448933135, NaN, 0.914278862934251, 0.50352373, null, False
"GO:0022613", "ribonucleoprotein complex biogenesis", 1.84644302372518, -6.78558100795065, -1.24860553754283, 5.65030849470687, NaN, 0.954644417248458, 0.50765438, null, False
"GO:0072503", "cellular divalent inorganic cation homeostasis", 0.123501014593592, 3.97336628159652, -2.36533930794162, 4.47565666318247, NaN, 0.83749766079419, 0.51008458, null, False
"GO:0072507", "divalent inorganic cation homeostasis", 0.148777043368031, null, null, 4.55651959373952, NaN, 0.840796691557296, 0.8091664, 72503, True
"GO:0055082", "cellular chemical homeostasis", 0.412744042350381, null, null, 4.99965677176629, NaN, 0.824541141144238, 0.83646995, 72503, True
"GO:0006875", "cellular metal ion homeostasis", 0.300267986213886, null, null, 4.86148661791501, NaN, 0.826150876723965, 0.91305361, 72503, True
"GO:0055065", "metal ion homeostasis", 0.394767040025432, null, null, 4.98031704172965, NaN, 0.828370751047797, 0.94215795, 72503, True
"GO:0006873", "cellular ion homeostasis", 0.368772261617596, null, null, 4.95073472351953, NaN, 0.824019061899409, 0.95827527, 72503, True
"GO:0030003", "cellular cation homeostasis", 0.325527492008248, null, null, 4.89656479523515, NaN, 0.825190476162156, 0.96779059, 72503, True
"GO:0060840", "artery development", 0.0167171250939951, -2.71946888918968, -5.21238448366893, 3.60724050383174, NaN, 0.708779987946371, 0.51234413, null, False
"GO:0003205", "cardiac chamber development", 0.028820208001187, null, null, 3.84373096511209, NaN, 0.692852078495803, 0.73055598, 60840, True
"GO:0035904", "aorta development", 0.00976508122614392, null, null, 3.37383114507383, NaN, 0.717674235260986, 0.75667749, 60840, True
"GO:0003206", "cardiac chamber morphogenesis", 0.0212320294003298, null, null, 3.71104760386703, NaN, 0.694169675509992, 0.81003297, 60840, True
"GO:0003007", "heart morphogenesis", 0.0535427169430107, null, null, 4.11270552103089, NaN, 0.67650322570902, 0.85780402, 60840, True
"GO:0001944", "vasculature development", 0.121737186470257, null, null, 4.46940960851675, NaN, 0.672731904800889, 0.8641591, 60840, True
"GO:0007507", "heart development", 0.118853926446632, null, null, 4.45900023926869, NaN, 0.665723761820284, 0.91540774, 60840, True
"GO:0031214", "biomineral tissue development", 0.0166138564685071, -3.17963756931891, -5.50403541643746, 3.60455003257126, NaN, 0.709852877435558, 0.53629265, null, False
"GO:0071363", "cellular response to growth factor stimulus", 0.110319807236305, 3.38569259079864, 5.3340319945242, 4.42664136756145, NaN, 0.895146601592891, 0.53879118, null, False
"GO:0006139", "nucleobase-containing compound metabolic process", 19.0019021254666, -2.69882759107324, 4.27073370060235, 6.66276878331738, NaN, 0.922859065680515, 0.53934246, null, False
"GO:0060541", "respiratory system development", 0.0389694485141462, -2.61578572128872, -5.39227955301327, 3.97474190450095, NaN, 0.711265500702504, 0.54187809, null, False
"GO:0034645", "cellular macromolecule biosynthetic process", 11.1067967774241, -2.66622996640575, 5.42899789119164, 6.42956059921396, NaN, 0.91867774612345, 0.54874168, null, False
"GO:0006412", "translation", 5.34694375263645, null, null, 6.11207756315936, NaN, 0.904442970325047, 0.75304024, 34645, True
"GO:0043043", "peptide biosynthetic process", 5.44864682576204, null, null, 6.12026059975852, NaN, 0.930515854744977, 0.90432789, 34645, True
"GO:0042692", "muscle cell differentiation", 0.058156759129814, -4.17593378898332, -4.95381615174149, 4.14860265480609, NaN, 0.746215437993978, 0.55706875, null, False
"GO:0055001", "muscle cell development", 0.0378087091636613, null, null, 3.96161090809128, NaN, 0.753091051135215, 0.89034233, 42692, True
"GO:0007517", "muscle organ development", 0.0638778409818484, null, null, 4.1893499243392, NaN, 0.687684166410657, 0.92187909, 42692, True
"GO:0016070", "RNA metabolic process", 8.13841862192728, -1.99502806897625, 5.13614968417783, 6.29451185775295, NaN, 0.913308523810321, 0.56875539, null, False
"GO:0003008", "system process", 0.783280132091312, -1.96155511319394, -5.91858701727737, 5.27789101320919, NaN, 0.750661384046289, 0.58457101, null, False
"GO:0034660", "ncRNA metabolic process", 3.74307046869251, -1.60928989739657, 5.32200771124705, 5.95720009478515, NaN, 0.920045365901109, 0.59441404, null, False
"GO:0006396", "RNA processing", 3.83107599133337, null, null, 5.96729284688461, NaN, 0.917449563639105, 0.70392989, 34660, True
"GO:0045595", "regulation of cell differentiation", 0.283439331004364, 4.53332916402679, -0.521737577978909, 4.83643805557935, NaN, 0.817942377962631, 0.60171816, null, False
"GO:0051093", "negative regulation of developmental process", 0.176056483476937, null, null, 4.62963382474432, NaN, 0.797635531406122, 0.70707381, 45595, True
"GO:0051094", "positive regulation of developmental process", 0.231259759917795, null, null, 4.74807943981176, NaN, 0.769354043500377, 0.72323133, 45595, True
"GO:0022603", "regulation of anatomical structure morphogenesis", 0.875486622417024, null, null, 5.32622317557269, NaN, 0.804666479640633, 0.81402599, 45595, True
"GO:0006464", "cellular protein modification process", 9.00317769952862, -2.57109338841801, 5.68618808210915, 6.33836763344157, NaN, 0.915570920102411, 0.60265222, null, False
"GO:0036211", "protein modification process", 9.00317769952862, null, null, 6.33836763344157, NaN, 0.928546101546143, 0.80912327, 6464, True
"GO:0001655", "urogenital system development", 0.0667528395154339, -2.9083833816113, -5.7569934273798, 4.20846823026562, NaN, 0.701204192660325, 0.60389309, null, False
"GO:0001822", "kidney development", 0.0573636560860662, -3.03433394414543, -5.61844505604971, 4.14263970783242, NaN, 0.692215580230791, 0.60852283, null, False
"GO:0007423", "sensory organ development", 0.15007822804918, null, null, 4.56030125884964, NaN, 0.674993179356601, 0.70442563, 1822, True
"GO:0090596", "sensory organ morphogenesis", 0.073481823152231, null, null, 4.25017594808392, NaN, 0.682268780284226, 0.71714172, 1822, True
"GO:0001654", "eye development", 0.0987165444764752, null, null, 4.37837972925074, NaN, 0.680111130150297, 0.9184711, 1822, True
"GO:0072001", "renal system development", 0.0613456942848829, null, null, 4.17178494055412, NaN, 0.700162129152101, 0.98345754, 1822, True
"GO:0150063", "visual system development", 0.0992246261138761, null, null, 4.38060916263411, NaN, 0.690962985585458, 0.98655454, 1822, True
"GO:0003012", "muscle system process", 0.0462932594337542, -1.74074752509498, -6.06321424589165, 4.04952812227772, NaN, 0.786551159115381, 0.61965474, null, False
"GO:0006996", "organelle organization", 4.32346079766008, -6.60317464517622, -1.26915458118638, 6.01980355246451, NaN, 0.948865989518851, 0.62109167, null, False
"GO:0006259", "DNA metabolic process", 5.32943765524372, -1.90053481774009, 5.36075604297793, 6.11065333483003, NaN, 0.913164836089582, 0.62575927, null, False
"GO:0048880", "sensory system development", 0.107820706499496, -2.86420860941702, -5.61071944109509, 4.41669042337556, NaN, 0.691640242320719, 0.62867935, null, False
"GO:0051716", "cellular response to stimulus", 11.2544626503818, 3.89401076491493, 5.54257516087341, 6.43529653573685, NaN, 0.889061295656329, 0.62932326, null, False
"GO:0007165", "signal transduction", 7.31364928685992, null, null, 6.24810598806538, NaN, 0.709985572622766, 0.72579642, 51716, True
"GO:0090092", "regulation of transmembrane receptor protein serine/threonine kinase signaling pathway", 0.058483087986356, 6.3212889967777, 0.851241747321792, 4.15103258175644, NaN, 0.810028801398895, 0.63025243, null, False
"GO:1901701", "cellular response to oxygen-containing compound", 0.400438552937232, 3.63445237371602, 5.33699539128228, 4.98651197536202, NaN, 0.892419940210088, 0.63164641, null, False
"GO:0001501", "skeletal system development", 0.107828967989535, -2.73922326324688, -5.70247078686239, 4.41672369754673, NaN, 0.691638665830752, 0.64013162, null, False
"GO:0099177", "regulation of trans-synaptic signaling", 0.0771705784546619, 6.53592050300766, 0.750417643731609, 4.27144661380176, NaN, 0.823370826681491, 0.64244321, null, False
"GO:0051216", "cartilage development", 0.0411050436892378, -3.06661862319828, -5.43300045288239, 3.99791036734674, NaN, 0.690048442604211, 0.64812907, null, False
"GO:0048705", "skeletal system morphogenesis", 0.0530263738155708, null, null, 4.10849737134826, NaN, 0.687029944663984, 0.88989408, 51216, True
"GO:0002062", "chondrocyte differentiation", 0.013503405468809, null, null, 3.51454775266029, NaN, 0.704021740280611, 0.91048337, 51216, True
"GO:0009888", "tissue development", 0.464551846385193, -3.99270015922776, -4.92374138293377, 5.05100966432426, NaN, 0.720767285807729, 0.65192061, null, False
"GO:0009653", "anatomical structure morphogenesis", 0.843535309691042, null, null, 5.31007700532426, NaN, 0.707669708019139, 0.78404971, 9888, True
"GO:0030154", "cell differentiation", 1.00690627521303, null, null, 5.38696244121462, NaN, 0.702791333907546, 0.81713184, 9888, True
"GO:0048869", "cellular developmental process", 1.02457347166152, null, null, 5.39451646992808, NaN, 0.707456183962591, 0.83444001, 9888, True
"GO:0048731", "system development", 1.19554500801943, null, null, 5.46153904303751, NaN, 0.63716713558991, 0.86459291, 9888, True
"GO:0048699", "generation of neurons", 0.317480800710224, null, null, 4.88569472962993, NaN, 0.659565647855172, 0.87606002, 9888, True
"GO:0007399", "nervous system development", 0.542655973214267, null, null, 5.11849950578702, NaN, 0.654466033965421, 0.88492104, 9888, True
"GO:0007275", "multicellular organism development", 1.32476297372004, null, null, 5.50611114762876, NaN, 0.647575152220671, 0.90919218, 9888, True
"GO:0048513", "animal organ development", 0.705717132859796, null, null, 5.23260481516133, NaN, 0.647583720586997, 0.90970742, 9888, True
"GO:0022008", "neurogenesis", 0.350576329806613, null, null, 4.92875931931962, NaN, 0.657131704446845, 0.9097332, 9888, True
"GO:0048468", "cell development", 0.475626373782525, null, null, 5.06124131238465, NaN, 0.711394767712591, 0.91166188, 9888, True
"GO:0048856", "anatomical structure development", 1.74471103538446, null, null, 5.6256961483378, NaN, 0.699869358224828, 0.91483546, 9888, True
"GO:0090304", "nucleic acid metabolic process", 13.8605579446867, -2.37943070161076, 4.99350354443946, 6.52575245430283, NaN, 0.909943213884201, 0.65202597, null, False
"GO:0008015", "blood circulation", 0.0854155455136226, -1.97419151288977, -6.21763316194983, 4.31552953321385, NaN, 0.775821065845747, 0.65269536, null, False
"GO:0008217", "regulation of blood pressure", 0.032327210522759, null, null, 3.89359533381988, NaN, 0.673401224312137, 0.92626433, 8015, True
"GO:0030163", "protein catabolic process", 1.08107380203851, -1.26612498435063, 6.71518005122704, 5.41782861461749, NaN, 0.924029430913219, 0.65758978, null, False
"GO:0006511", "ubiquitin-dependent protein catabolic process", 0.709657863608417, null, null, 5.23502315949522, NaN, 0.916582404799677, 0.77926975, 30163, True
"GO:0043632", "modification-dependent macromolecule catabolic process", 0.761511105838445, null, null, 5.26565020932941, NaN, 0.923741577036699, 0.82641046, 30163, True
"GO:0044265", "cellular macromolecule catabolic process", 1.61368793411032, null, null, 5.59179227551372, NaN, 0.918697399244778, 0.85324432, 30163, True
"GO:0044257", "cellular protein catabolic process", 0.904785996840476, null, null, 5.34051946533644, NaN, 0.914872599848469, 0.92781548, 30163, True
"GO:0019941", "modification-dependent protein catabolic process", 0.750440709186132, null, null, 5.25929038783464, NaN, 0.916069190353204, 0.98379608, 30163, True
"GO:0070848", "response to growth factor", 0.112872607658368, 3.23674106791705, 5.49263268920238, 4.43657606399906, NaN, 0.901523304605547, 0.66255013, null, False
"GO:0010033", "response to organic substance", 1.05451724230802, 3.64533532728925, 5.52060224963318, 5.40702699855097, NaN, 0.89153429880577, 0.66358521, null, False
"GO:0070887", "cellular response to chemical stimulus", 1.88913427350192, null, null, 5.66023538897303, NaN, 0.877437690930258, 0.75900531, 10033, True
"GO:0043408", "regulation of MAPK cascade", 0.131398999070913, 6.1996204999, 0.557034200594738, 4.50257732165863, NaN, 0.796843848552927, 0.66884328, null, False
"GO:0070372", "regulation of ERK1 and ERK2 cascade", 0.0467435106408818, null, null, 4.05373131588761, NaN, 0.808566808027901, 0.75143762, 43408, True
"GO:0009968", "negative regulation of signal transduction", 0.326134711526117, null, null, 4.89737413730723, NaN, 0.75950749208931, 0.76183906, 43408, True
"GO:0048585", "negative regulation of response to stimulus", 0.401516677387327, null, null, 4.9876796688701, NaN, 0.7800885239473, 0.77837701, 43408, True
"GO:0048584", "positive regulation of response to stimulus", 0.46337871479965, null, null, 5.04991156424884, NaN, 0.757907754853224, 0.80347719, 43408, True
"GO:0023057", "negative regulation of signaling", 0.338704568620515, null, null, 4.91379796327055, NaN, 0.783142116648442, 0.80597809, 43408, True
"GO:0010648", "negative regulation of cell communication", 0.339633986249906, null, null, 4.9149880365212, NaN, 0.779705165115053, 0.80709726, 43408, True
"GO:0048522", "positive regulation of cellular process", 1.94396578289102, null, null, 5.67266115126898, NaN, 0.757486710042456, 0.8108608, 43408, True
"GO:0009967", "positive regulation of signal transduction", 0.317377532084736, null, null, 4.88555344327149, NaN, 0.738119057216356, 0.82036879, 43408, True
"GO:0070374", "positive regulation of ERK1 and ERK2 cascade", 0.0297165796704227, null, null, 3.85703079827262, NaN, 0.77452636936891, 0.83928959, 43408, True
"GO:0009966", "regulation of signal transduction", 0.865692625975744, null, null, 5.32133740256298, NaN, 0.767810208956451, 0.88260712, 43408, True
"GO:0023056", "positive regulation of signaling", 0.345119615635828, null, null, 4.92194645422941, NaN, 0.75834339739415, 0.88295071, 43408, True
"GO:0010647", "positive regulation of cell communication", 0.346784305878695, null, null, 4.92403621995193, NaN, 0.755346363783887, 0.88437295, 43408, True
"GO:0043410", "positive regulation of MAPK cascade", 0.0904509236924168, null, null, 4.34040445143246, NaN, 0.75732177396378, 0.90294398, 43408, True
"GO:0014070", "response to organic cyclic compound", 0.154188319343601, 3.35601690433339, 5.53791403054291, 4.57203472144968, NaN, 0.899079915109358, 0.67927655, null, False
"GO:0034097", "response to cytokine", 0.171256557764256, null, null, 4.61762929775784, NaN, 0.898230700891236, 0.70132428, 14070, True
"GO:0033993", "response to lipid", 0.185458059141364, null, null, 4.65222699560668, NaN, 0.897576977737208, 0.71155365, 14070, True
"GO:0071310", "cellular response to organic substance", 0.73008852847496, null, null, 5.24734959391117, NaN, 0.877062691983995, 0.80359363, 14070, True
"GO:0045596", "negative regulation of cell differentiation", 0.111422716156517, 4.34175774691446, -0.417585699087248, 4.43096145335495, NaN, 0.798675794491211, 0.68153458, null, False
"GO:0045597", "positive regulation of cell differentiation", 0.141040157946471, null, null, 4.53332711705442, NaN, 0.769161820494621, 0.87541616, 45596, True
"GO:0051276", "chromosome organization", 2.10483351693118, -6.55463606752487, -1.41431950182204, 5.70719021515171, NaN, 0.95117219657464, 0.68272726, null, False
"GO:0003013", "circulatory system process", 0.0911159736405594, -1.88403845680151, -6.09463869264903, 4.3435858206914, NaN, 0.776920406334107, 0.68411567, null, False
"GO:0007608", "sensory perception of smell", 0.353348059714711, null, null, 4.93217939998684, NaN, 0.752654811536204, 0.76092834, 3013, True
"GO:0007606", "sensory perception of chemical stimulus", 0.39925302911663, null, null, 4.98522432516481, NaN, 0.751195703038718, 0.93111696, 3013, True
"GO:0050911", "detection of chemical stimulus involved in sensory perception of smell", 0.346544722667562, null, null, 4.92373607838393, NaN, 0.671920202453087, 0.97278347, 3013, True
"GO:0050907", "detection of chemical stimulus involved in sensory perception", 0.355405170734432, null, null, 4.93470040171542, NaN, 0.671307506912728, 0.99103597, 3013, True
"GO:0030324", "lung development", 0.0281138506028492, -2.93120729073669, -5.3121953274272, 3.8329557506046, NaN, 0.701313874441937, 0.68926837, null, False
"GO:0030323", "respiratory tube development", 0.0286508474553867, null, null, 3.84117169449953, NaN, 0.700971393737458, 0.75185145, 30324, True
"GO:0035239", "tube morphogenesis", 0.163333788816817, null, null, 4.5970586317707, NaN, 0.673600771350907, 0.84261779, 30324, True
"GO:0001525", "angiogenesis", 0.0712223056265539, null, null, 4.23661282819977, NaN, 0.672578873925526, 0.89877215, 30324, True
"GO:0048514", "blood vessel morphogenesis", 0.093466367556666, null, null, 4.35464617006837, NaN, 0.666831352133816, 0.95396301, 30324, True
"GO:0001568", "blood vessel development", 0.112331480060811, null, null, 4.43448906315119, NaN, 0.672497777555635, 0.97377655, 30324, True
"GO:0006325", "chromatin organization", 0.778492598613689, -6.71028177004835, -1.45184360900698, 5.27522840443837, NaN, 0.955317021567305, 0.68956788, null, False
"GO:0035295", "tube development", 0.212580530939528, -2.77376306358964, -5.47041284201027, 4.71150353839231, NaN, 0.680839133200202, 0.6902885, null, False
"GO:0009790", "embryo development", 0.285318819988246, null, null, 4.83930831882867, NaN, 0.674135600049641, 0.71034415, 35295, True
"GO:0002685", "regulation of leukocyte migration", 0.0356813754786088, 6.50102655648415, -2.94235440928203, 3.93646347400475, NaN, 0.807501645225469, 0.69031095, null, False
"GO:0006956", "complement activation", 0.0253710359098883, null, null, 3.78838051531956, NaN, 0.743330138298562, 0.70600981, 2685, True
"GO:0050921", "positive regulation of chemotaxis", 0.0221490547946631, null, null, 3.72940779696307, NaN, 0.765529088383486, 0.76206501, 2685, True
"GO:0002684", "positive regulation of immune system process", 0.156856780626211, null, null, 4.57948634605819, NaN, 0.798511336950259, 0.79535169, 2685, True
"GO:0040013", "negative regulation of locomotion", 0.0514195140029778, null, null, 4.09513446693984, NaN, 0.80702703042844, 0.8034434, 2685, True
"GO:0051271", "negative regulation of cellular component movement", 0.0485527769594313, null, null, 4.07022263346096, NaN, 0.801376179310819, 0.80406781, 2685, True
"GO:0030334", "regulation of cell migration", 0.16150799951819, null, null, 4.59217675739587, NaN, 0.796392335683263, 0.89042626, 2685, True
"GO:0030336", "negative regulation of cell migration", 0.0433976071750711, null, null, 4.02147873225753, NaN, 0.789252184062606, 0.89455868, 2685, True
"GO:0040017", "positive regulation of locomotion", 0.0944123081661359, null, null, 4.35901922829267, NaN, 0.774187295386741, 0.93047065, 2685, True
"GO:0051272", "positive regulation of cellular component movement", 0.0927847946284453, null, null, 4.35146775710976, NaN, 0.765834394702943, 0.93342584, 2685, True
"GO:0030335", "positive regulation of cell migration", 0.0867084687047322, null, null, 4.32205381769557, NaN, 0.75554256651037, 0.94049518, 2685, True
"GO:2000145", "regulation of cell motility", 0.174771821775867, null, null, 4.62645328979241, NaN, 0.795649263117312, 0.97968131, 2685, True
"GO:2000146", "negative regulation of cell motility", 0.0475159599595319, null, null, 4.06084887303881, NaN, 0.788150400071596, 0.99082508, 2685, True
"GO:2000147", "positive regulation of cell motility", 0.0904385314573582, null, null, 4.34034494952814, NaN, 0.75499690947878, 0.99243872, 2685, True
"GO:0006281", "DNA repair", 2.38776476629814, 0.943356316772079, 5.52374542695398, 5.7619639029008, NaN, 0.830453585386612, 0.692125, null, False
"GO:0006974", "cellular response to DNA damage stimulus", 2.55833148964414, null, null, 5.79192912977267, NaN, 0.895485560805563, 0.90556816, 6281, True
"GO:0072359", "circulatory system development", 0.209697270915903, -2.68509648584106, -5.5701725483588, 4.70557294543406, NaN, 0.677329622893299, 0.69259012, null, False
"GO:0061448", "connective tissue development", 0.0495772017242721, -3.9903676201835, -4.70853395669511, 4.07928980609866, NaN, 0.74971240260841, 0.69412328, null, False
"GO:0060485", "mesenchyme development", 0.0479083807363863, null, null, 4.06442054843359, NaN, 0.690588879588038, 0.70109316, 61448, True
"GO:0014706", "striated muscle tissue development", 0.0595736046715091, null, null, 4.15905560351349, NaN, 0.744923109274103, 0.71125495, 61448, True
"GO:0060537", "muscle tissue development", 0.0625518718305826, null, null, 4.18024060095574, NaN, 0.745936291380723, 0.72242471, 61448, True
"GO:0048729", "tissue morphogenesis", 0.148277223220669, null, null, 4.55505815504387, NaN, 0.723130345818408, 0.76984887, 61448, True
"GO:0048646", "anatomical structure formation involved in morphogenesis", 0.336300475019154, null, null, 4.91070442721205, NaN, 0.719222586400565, 0.77567931, 61448, True
"GO:0048598", "embryonic morphogenesis", 0.156703943060489, null, null, 4.57906298456637, NaN, 0.67933180882283, 0.77920714, 61448, True
"GO:0009887", "animal organ morphogenesis", 0.223803765157562, null, null, 4.73384701639435, NaN, 0.662635792433253, 0.80274842, 61448, True
"GO:0060429", "epithelium development", 0.24591151250203, null, null, 4.77475776816602, NaN, 0.721216848945208, 0.85401447, 61448, True
"GO:0048568", "embryonic organ development", 0.116226772614218, null, null, 4.44929322530086, NaN, 0.678184802127271, 0.88417416, 61448, True
"GO:0048738", "cardiac muscle tissue development", 0.0297702793556765, null, null, 3.85781477797101, NaN, 0.683037769524979, 0.9485049, 61448, True
"GO:0008016", "regulation of heart contraction", 0.0341488690763671, 5.68765899219799, -3.55471732391865, 3.91740046795525, NaN, 0.839084830400692, 0.69579516, null, False
"GO:0090257", "regulation of muscle system process", 0.0406258772669735, null, null, 3.99281852006668, NaN, 0.837253297885981, 0.88010991, 8016, True
"GO:1903522", "regulation of blood circulation", 0.0477431509356055, null, null, 4.06292026373266, NaN, 0.835513736158472, 0.89919231, 8016, True
